{
    "blocks": {
        "Base": {
            "android:dialogTheme": "?dialogTheme", 
            "android:dividerHorizontal": "?dividerHorizontal", 
            "android:dividerVertical": "?dividerVertical", 
            "buttonBarButtonStyle": "?borderlessButtonStyle", 
            "buttonBarStyle": "@style/Holo.ButtonBar", 
            "checkBoxPreferenceStyle": "@style/Holo.PreferenceCheckBox", 
            "datePickerStyle": "@style/Holo.DatePicker", 
            "dialogPreferenceStyle": "@style/Holo.PreferenceDialog", 
            "dividerHorizontal": "?android:listDivider", 
            "dividerVertical": "?android:listDivider", 
            "dropdownListPreferredItemHeight": "?listPreferredItemHeight", 
            "editTextPreferenceStyle": "@style/Holo.PreferenceDialog.EditTextPreference", 
            "holoTheme": true, 
            "listPreferredItemHeight": "64dip", 
            "listPreferredItemHeightLarge": "80dp", 
            "listPreferredItemHeightSmall": "48dp", 
            "numberPickerInputTextStyle": "@style/Holo.EditText.NumberPickerInputText", 
            "numberPickerPreferenceStyle": "@style/Holo.PreferenceDialog.NumberPickerPreference", 
            "numberPickerStyle": "@style/Holo.NumberPicker", 
            "panelMenuListWidth": "250dp", 
            "preferenceCategoryStyle": "@style/Holo.PreferenceCategory", 
            "preferenceFragmentStyle": "@style/Holo.PreferenceFragment", 
            "preferenceFrameLayoutStyle": "@style/Holo.PreferenceFrameLayout", 
            "preferenceInformationStyle": "@style/Holo.PreferenceInformation", 
            "preferenceLayoutChild": "@layout/preference_child_holo", 
            "preferencePanelStyle": "@style/Holo.PreferencePanel", 
            "preferenceScreenStyle": "@style/Holo.PreferenceScreen", 
            "preferenceStyle": "@style/Holo.Preference", 
            "ringtonePreferenceStyle": "@style/Holo.PreferenceRingtone", 
            "seekBarDialogPreferenceStyle": "@style/Holo.PreferenceDialog.SeekBarDialogPreference", 
            "seekBarPreferenceStyle": "@style/Holo.PreferenceSeekBar", 
            "switchPreferenceStyle": "@style/Holo.PreferenceSwitch", 
            "textAppearanceListItemSmall": "?android:attr/textAppearanceMedium", 
            "timePickerStyle": "@style/Holo.TimePicker", 
            "yesNoPreferenceStyle": "@style/Holo.PreferenceDialog.YesNoPreference"
        }, 
        "BaseDark": {
            "alertDialogStyle": "@style/Holo.AlertDialog", 
            "alertDialogTheme": "@style/Holo.Theme.Dialog.Alert", 
            "android:popupWindowStyle": "@style/Holo.PopupWindow", 
            "android:windowBackground": "@drawable/background_holo_dark", 
            "autoCompleteTextViewStyle": "@style/Holo.AutoCompleteTextView", 
            "borderlessButtonStyle": "@style/Holo.Button.Borderless", 
            "calendarViewStyle": "@style/Holo.CalendarView", 
            "dialogTheme": "@style/Holo.Theme.Dialog", 
            "dropDownListViewStyle": "@style/Holo.ListView.DropDown", 
            "include": [
                "Base"
            ], 
            "listDividerAlertDialog": "@drawable/list_divider_holo_dark", 
            "listPopupWindowStyle": "@style/Holo.ListPopupWindow", 
            "segmentedButtonStyle": "@style/Holo.SegmentedButton", 
            "selectableItemBackground": "@drawable/item_background_holo_dark", 
            "spinnerDropDownItemStyle": "@style/Holo.TextView.SpinnerItem.DropDown", 
            "spinnerItemStyle": "@style/Holo.TextView.SpinnerItem", 
            "spinnerStyle": "@style/Holo.Spinner", 
            "switchStyle": "@style/Holo.Switch", 
            "switchStyleOld": "@style/Holo.Switch.Old", 
            "textAppearanceLargePopupMenu": "@style/Holo.TextAppearance.PopupMenu.Large", 
            "textAppearanceListItem": "?android:textAppearanceLarge", 
            "textAppearanceListItemSmall": "?android:textAppearanceMedium", 
            "textAppearanceSmallPopupMenu": "@style/Holo.TextAppearance.PopupMenu.Small", 
            "textColorAlertDialogListItem": "@color/primary_text_holo_dark"
        }, 
        "BaseLight": {
            "alertDialogStyle": "@style/Holo.AlertDialog.Light", 
            "alertDialogTheme": "@style/Holo.Theme.Dialog.Alert.Light", 
            "android:popupWindowStyle": "@style/Holo.PopupWindow.Light", 
            "android:windowBackground": "@drawable/background_holo_light", 
            "autoCompleteTextViewStyle": "@style/Holo.AutoCompleteTextView.Light", 
            "borderlessButtonStyle": "@style/Holo.Button.Borderless.Light", 
            "calendarViewStyle": "@style/Holo.CalendarView.Light", 
            "dialogTheme": "@style/Holo.Theme.Dialog.Light", 
            "dropDownListViewStyle": "@style/Holo.ListView.DropDown.Light", 
            "include": [
                "Base"
            ], 
            "listDividerAlertDialog": "@drawable/list_divider_holo_light", 
            "listPopupWindowStyle": "@style/Holo.ListPopupWindow.Light", 
            "segmentedButtonStyle": "@style/Holo.SegmentedButton.Light", 
            "selectableItemBackground": "@drawable/item_background_holo_light", 
            "spinnerDropDownItemStyle": "@style/Holo.TextView.SpinnerItem.DropDown.Light", 
            "spinnerItemStyle": "@style/Holo.TextView.SpinnerItem.Light", 
            "spinnerStyle": "@style/Holo.Spinner.Light", 
            "switchStyle": "@style/Holo.Switch.Light", 
            "switchStyleOld": "@style/Holo.Switch.Light.Old", 
            "textAppearanceLargePopupMenu": "@style/Holo.TextAppearance.PopupMenu.Light.Large", 
            "textAppearanceSmallPopupMenu": "@style/Holo.TextAppearance.PopupMenu.Light.Small", 
            "textColorAlertDialogListItem": "@color/primary_text_holo_light"
        }
    }
}
