{
    "blocks": {
        "Holo": {
            "activatedBackgroundIndicator": "@drawable/activated_background_holo", 
            "android:activatedBackgroundIndicator": "?activatedBackgroundIndicator", 
            "android:divider": "?android:listDivider", 
            "android:dropDownItemStyle": "@style/Holo.DropDownItem", 
            "android:progressBarStyle": "@style/Holo.ProgressBar", 
            "android:progressBarStyleLarge": "@style/Holo.ProgressBar.Large", 
            "android:progressBarStyleSmall": "@style/Holo.ProgressBar.Small", 
            "android:scrollbarDefaultDelayBeforeFade": 300, 
            "android:scrollbarFadeDuration": 250, 
            "android:scrollbarSize": "10dp", 
            "android:scrollbarTrackHorizontal": "@null", 
            "android:scrollbarTrackVertical": "@null", 
            "android:spinnerItemStyle": "@style/Holo.TextView.SpinnerItem", 
            "listPreferredItemPaddingLeft": "8dp", 
            "listPreferredItemPaddingRight": "8dp"
        }, 
        "HoloDark": {
            "android:buttonStyle": "@style/Holo.Button", 
            "android:buttonStyleToggle": "@style/Holo.Button.Toggle", 
            "android:checkboxStyle": "@style/Holo.CompoundButton.CheckBox", 
            "android:editTextStyle": "@style/Holo.EditText", 
            "android:expandableListViewStyle": "@style/Holo.ExpandableListView", 
            "android:imageButtonStyle": "@style/Holo.ImageButton", 
            "android:listChoiceBackgroundIndicator": "@drawable/list_selector_holo_dark", 
            "android:listChoiceIndicatorMultiple": "@drawable/btn_checkbox_holo_dark", 
            "android:listChoiceIndicatorSingle": "@drawable/btn_radio_holo_dark", 
            "android:listDivider": "@drawable/list_divider_holo_dark", 
            "android:listSelector": "@drawable/list_selector_holo_dark", 
            "android:listSeparatorTextViewStyle": "@style/Holo.TextView.ListSeparator", 
            "android:listViewStyle": "@style/Holo.ListView", 
            "android:progressBarStyleHorizontal": "@style/Holo.ProgressBar.Horizontal", 
            "android:radioButtonStyle": "@style/Holo.CompoundButton.RadioButton", 
            "android:ratingBarStyle": "@style/Holo.RatingBar", 
            "android:ratingBarStyleIndicator": "@style/Holo.RatingBar.Indicator", 
            "android:ratingBarStyleSmall": "@style/Holo.RatingBar.Small", 
            "android:scrollbarThumbHorizontal": "@drawable/scrollbar_handle_holo_dark", 
            "android:scrollbarThumbVertical": "@drawable/scrollbar_handle_holo_dark", 
            "android:seekBarStyle": "@style/Holo.SeekBar", 
            "include": [
                "BaseDark", 
                "Holo", 
                "TextDark"
            ]
        }, 
        "HoloLight": {
            "android:buttonStyle": "@style/Holo.Button.Light", 
            "android:buttonStyleToggle": "@style/Holo.Button.Toggle.Light", 
            "android:checkboxStyle": "@style/Holo.CompoundButton.CheckBox.Light", 
            "android:editTextStyle": "@style/Holo.EditText.Light", 
            "android:expandableListViewStyle": "@style/Holo.ExpandableListView.Light", 
            "android:imageButtonStyle": "@style/Holo.ImageButton.Light", 
            "android:listChoiceBackgroundIndicator": "@drawable/list_selector_holo_light", 
            "android:listChoiceIndicatorMultiple": "@drawable/btn_checkbox_holo_light", 
            "android:listChoiceIndicatorSingle": "@drawable/btn_radio_holo_light", 
            "android:listDivider": "@drawable/list_divider_holo_light", 
            "android:listSelector": "@drawable/list_selector_holo_light", 
            "android:listSeparatorTextViewStyle": "@style/Holo.TextView.ListSeparator.Light", 
            "android:listViewStyle": "@style/Holo.ListView.Light", 
            "android:progressBarStyleHorizontal": "@style/Holo.ProgressBar.Horizontal.Light", 
            "android:radioButtonStyle": "@style/Holo.CompoundButton.RadioButton.Light", 
            "android:ratingBarStyle": "@style/Holo.RatingBar.Light", 
            "android:ratingBarStyleIndicator": "@style/Holo.RatingBar.Indicator.Light", 
            "android:ratingBarStyleSmall": "@style/Holo.RatingBar.Small.Light", 
            "android:scrollbarThumbHorizontal": "@drawable/scrollbar_handle_holo_light", 
            "android:scrollbarThumbVertical": "@drawable/scrollbar_handle_holo_light", 
            "android:seekBarStyle": "@style/Holo.SeekBar.Light", 
            "include": [
                "BaseLight", 
                "Holo", 
                "TextLight"
            ]
        }
    }, 
    "include": [
        {
            "name": "textcolors.json"
        }
    ]
}
